Name,Email,Date_of_Birth,Registration_Date
Advay,advay@gmail.com,2025-09-15,2025-09-15 17:05:01
advayparab,ada@gmail.com,2025-09-15,2025-09-15 17:39:38
jack,ad@gmail.com,2025-09-15,2025-09-15 17:40:30
roast,road@hotmail.com,2017-11-14,2025-09-15 17:49:57
wwwww,aqwseed@hotmail.co,2016-02-23,2025-09-15 17:57:46
advay,advay12345@gmail.com,1999-12-05,2025-09-16 13:11:32
rock,paper@gmail.com,2002-02-02,2025-09-16 13:27:29
dom,dom@gmail.com,1999-12-17,2025-09-17 11:00:43
John Doe,john@example.com,1990-01-15,2025-09-17 13:33:53
gfe,fbea@hotmail.com,1919-12-24,2025-09-17 14:54:01
